Word,Word Count
a,843
ab,1
abandon,3
abdominal,1
abhorrent,1
abide,1
able,3
abominable,1
about,181
above,1
abroad,1
absence,1
absolute,2
absolutely,5
absorb,1
abstaining,1
absurd,1
abused,1
abuses,1
acceded,1
accept,5
accepts,1
access,9
accessory,1
accident,3
accidentally,1
acclimating,1
accommodate,1
accompanied,1
accompany,1
accomplished,1
accord,1
according,1
accosted,1
accountable,1
accountant,1
accrued,1
ached,1
achieve,1
achieved,1
achievement,1
acknowledge,2
acknowledged,1
across,3
acrostic,1
act,1
acting,2
action,1
actions,8
actively,1
activity,1
actual,4
actually,41
address,1
addressing,1
adjusting,1
administrative,1
admiring,2
adopting,1
adored,1
adrift,1
adults,1
advance,1
advanced,2
advantage,1
adventure,1
advisory,1
affected,3
affections,2
affects,1
affordably,1
afraid,11
after,25
afterimage,1
afternoon,2
afterward,1
afterwards,1
again,45
against,5
age,1
agendum,1
ages,2
aggressive,4
aggressor,1
agitated,1
ago,17
agog,1
agree,8
agreed,2
ah,4
ahead,10
aiding,1
air,1
airport,1
alarm,1
alarmist,2
alcohol,1
alcoholic,1
alert,4
alexa,5
alice,1
alive,16
all,224
allentown,1
allergic,2
allergy,1
alleyway,1
allies,3
allow,2
allowed,4
allowing,1
allows,1
almonds,1
almost,4
alone,10
along,6
alpha,1
already,19
also,23
alteration,2
altercation,1
alternatively,1
although,1
always,20
am,55
amazing,2
ambrose,3
ambulance,2
among,3
amongst,1
amount,1
ample,1
an,112
ancient,1
and,722
angel,2
angelo,3
anger,1
angle,1
angry,2
animal,3
animals,1
animatronic,1
annals,1
anniversary,1
announcement,1
announcements,3
anonymously,1
another,23
answer,9
answered,2
answering,1
answers,2
ant,1
anticipation,1
ants,2
any,35
anybody,2
anymore,9
anyone,14
anything,37
anytime,1
anyway,10
anywhere,7
apart,3
apartment,4
apologies,2
apologize,7
apologized,3
apologizes,2
apology,4
app,1
apparently,9
appeal,1
appendage,1
appendix,4
applause,1
apple,1
application,2
appreciate,1
appreciated,4
appreciates,1
appreciation,2
apprentice,1
approach,1
approbations,1
appropriate,1
approve,2
approved,1
approves,1
appétit,1
archives,2
are,341
area,1
areola,2
arguments,1
arm,1
arms,4
around,31
arrange,1
arranged,1
arrangements,1
arrive,1
arriving,1
arrogance,1
arrow,1
arrows,1
art,4
arteta,2
article,1
artwork,1
as,145
asal,1
ascendance,1
ascent,2
ashamed,1
asher,1
ask,26
asked,9
asking,10
asks,3
asleep,1
ass,4
assault,1
asshole,6
assholes,3
assume,5
assumed,2
assuming,4
assure,2
astute,1
at,199
ate,2
atheist,1
atone,7
atonements,1
atrocities,1
attack,4
attacked,1
attempted,1
attempts,2
attend,1
attendance,2
attendees,1
attending,1
attends,1
attila,3
attractive,1
attuned,1
audience,1
augmented,1
auras,1
austerely,1
author,1
authored,1
authorities,1
authorized,1
available,4
availed,1
average,1
avoid,2
await,1
awaits,1
awake,1
awaken,2
award,1
aware,8
away,19
awesome,10
awful,2
awkward,1
awoke,1
awoken,1
ax,1
b,8
babe,9
babies,1
baby,35
babysitter,1
back,106
backstage,1
bad,26
badass,3
badge,1
badges,1
bag,2
baggage,1
bailiff,2
baird,2
balance,3
balf,2
ball,1
ballad,1
balloons,4
ballot,1
balls,1
baltic,1
band,2
banished,1
bar,5
barbarities,1
barbarity,1
barber,1
barbs,1
bardo,1
barely,2
bargaining,1
barrier,1
barriers,1
base,1
based,2
basement,8
basically,3
basics,1
basin,1
bath,2
bathing,1
bathroom,6
bay,1
be,330
beach,1
beans,1
bear,3
bearded,1
beast,1
beat,3
beaten,1
beautiful,8
beauty,2
became,6
because,59
become,3
becomes,1
bed,7
bedevil,1
bedrock,1
bedroll,1
bedroom,1
beds,4
bedsheets,1
been,123
beer,2
beers,1
bees,1
before,47
beforehand,1
beg,1
began,1
beget,1
beggars,1
begged,1
begin,8
beginning,1
begins,1
begun,1
behave,1
behavior,3
behind,14
being,32
belayed,1
believe,12
believed,1
believer,1
bell,1
bellies,2
belonged,1
belongs,1
beloved,2
below,1
belt,4
bend,2
beneath,1
benefit,2
benefits,2
benevolence,1
bereavement,2
beseeched,1
besides,2
best,20
bet,13
beta,1
better,25
betterment,2
between,8
bewailing,1
beyond,4
biceps,1
bifurcated,1
big,9
billings,1
bills,1
bin,2
bingo,3
bins,2
bird,1
birth,7
birthday,1
birthing,7
bistro,1
bit,3
biting,2
black,11
blank,1
bleating,1
bleeding,3
bleeds,1
bless,2
blessed,1
blessings,2
blight,2
blighted,1
blind,1
bloat,1
block,3
blocks,1
blood,4
bloody,1
blossomed,1
blow,2
blue,2
blueprints,2
blunt,1
blurs,1
board,38
boasting,1
bodies,1
body,10
bomb,2
bon,3
bond,1
bonded,1
book,17
books,1
boom,4
boot,1
booty,2
bored,1
boredom,1
boring,2
born,7
bosom,1
boss,12
bosses,1
both,24
bottle,3
bought,1
boulders,3
bounce,1
bounteous,1
bounty,1
bowels,1
boxes,3
boy,4
boyhood,1
bpm,1
bradley,2
brag,1
brain,10
brains,1
brambles,1
branch,5
brave,2
break,29
breakfast,5
breaks,1
breath,3
breathe,1
breathed,1
breathing,4
breeze,1
bride,1
bridge,1
brief,4
briefly,3
brightened,1
brilliant,2
bring,9
bringing,3
brings,4
broke,4
bronze,1
brooks,1
brooms,3
brother,10
brothers,2
brought,11
brown,2
brows,1
bruising,1
brûlée,1
buckets,1
bucks,3
bud,3
buddy,8
buffoon,1
bugged,1
build,1
building,10
buildings,1
bulb,1
bulk,1
bull,1
bullies,1
bullshit,8
bump,1
bumps,1
bunch,3
burn,4
burned,1
burns,1
burst,2
burt,43
business,3
businessman,3
bust,1
busy,3
but,263
butter,1
butterfly,1
buttes,1
buy,4
by,71
bye,15
bypassing,1
cabin,7
cairns,1
calamity,1
calendar,1
calisthenics,1
call,28
called,20
calling,5
calls,2
calm,1
calming,1
calories,1
calves,1
camaraderie,2
came,19
camera,4
cameras,1
camp,4
camping,1
campus,1
can,174
canal,1
cancel,1
canceled,3
candidates,1
candies,1
candy,1
canned,1
cannot,7
canon,1
capacity,1
caps,4
captive,2
captured,1
car,12
card,11
cardigans,1
cards,1
care,26
cared,1
careful,12
cares,4
caricature,1
caring,1
carol,3
carpenter,1
carpet,2
carrot,1
carry,4
carrying,2
cars,2
cart,1
carved,1
case,10
casey,29
cash,1
castanets,1
cat,3
catch,2
catching,1
categories,1
categorize,1
category,1
catered,1
catholic,1
cats,1
cattle,1
caught,6
cause,12
caused,10
causes,1
cavalry,1
cave,3
ceiling,1
celebrate,2
center,7
centimeters,1
centuries,1
century,1
ceo,2
ceos,2
ceremony,1
certain,6
certainly,7
cetera,1
chain,1
chained,1
chair,1
challenge,3
challenges,1
chamomile,1
chance,10
change,13
changed,2
changer,1
changes,1
changing,1
chant,2
chapter,2
character,3
characteristics,1
charades,1
charity,1
charm,1
chat,5
cheat,1
check,10
checked,3
checks,1
cheer,3
cheers,1
chemistry,2
cherish,1
cherished,3
chewing,2
chic,1
chicanery,1
chick,1
chicken,1
chief,14
chiefs,1
chikhai,1
child,21
childhood,1
childish,4
children,7
chill,1
chip,11
chips,1
choice,8
choices,3
choking,1
chomolungma,1
choose,5
choreographed,1
choreography,3
chose,3
chosen,2
christ,9
christmas,5
chronologies,1
chums,1
church,2
circle,2
circles,1
circuit,1
circumcise,1
cited,1
claim,1
claims,2
clark,1
class,1
clawing,1
claws,1
clay,1
clean,4
cleaning,1
clear,8
cleared,1
clearly,2
clever,3
cliff,2
clinic,2
clip,1
clock,3
clog,1
close,14
closed,1
closet,4
clothes,1
clouded,1
clouds,1
clubs,1
clumsy,1
clusterfuck,1
clusters,1
clutter,1
coalesce,1
coast,1
coat,1
cobel,34
code,8
coded,1
coffee,13
cogs,1
cohabitate,1
cold,12
colleague,1
colleagues,7
collective,3
college,2
collegial,1
colloquially,2
color,4
comb,1
combined,1
combining,1
combs,1
come,139
comeback,1
comes,9
comfort,1
comfortable,2
comin,1
coming,27
command,1
commandeer,1
commandeered,2
commence,1
commentary,1
commit,3
committed,1
common,5
communication,1
commute,1
compact,1
company,22
comparative,1
compared,1
compensation,1
complaint,1
complete,3
completed,3
completely,4
completing,2
completion,2
complex,3
complicated,1
complicit,1
compliment,1
compliments,1
components,1
comprehensive,2
comprises,1
compromised,1
compunction,1
computer,1
concealed,1
concerned,1
concerns,2
concert,1
concluded,3
conclusion,1
condescending,1
condescension,1
conditions,1
conducting,2
confer,2
conference,2
confidence,1
confident,1
confirm,2
confirmation,1
confirmed,1
confused,5
confusing,2
confusion,2
congratulations,6
congressional,1
congressmen,1
connected,2
conscious,2
consciousness,1
consecrated,1
consent,1
consequences,1
consider,4
considered,1
considering,1
consistent,1
console,3
consort,1
conspired,1
constantly,1
constitutes,1
consult,1
consultants,1
consulted,1
consume,1
contact,4
content,2
contentions,1
context,1
continent,2
contingency,4
continue,2
continues,2
continuing,2
contorting,1
contraband,1
contraction,1
contractions,1
contradiction,1
contretemps,1
contributed,1
contributing,1
contributions,1
contrition,1
control,2
controls,2
controversial,1
convalescence,1
convenience,2
conversation,4
conversations,1
converse,1
conversely,1
conversion,1
conveying,1
convince,1
convinced,2
cooked,1
cookies,5
cool,15
cop,2
copies,1
copious,1
copy,7
cords,1
core,6
corn,3
corner,2
corporate,4
corpse,1
correct,2
corrected,1
correctly,1
cost,2
cottage,2
cottages,1
couch,1
could,76
couloir,1
council,1
counsel,1
counselor,1
count,2
counterparts,1
countries,1
country,1
coup,4
couple,6
coupling,1
coupons,2
courage,2
courier,1
course,46
courses,1
courtesy,1
courtship,2
cover,1
coveted,1
coward,1
cowering,1
coworkers,1
cozies,1
cozy,2
cpr,1
cracked,1
cradling,1
cramped,1
crane,1
crash,1
craves,1
crazy,7
cream,1
creamer,2
create,2
created,2
creation,1
creative,1
creatures,1
credit,1
creek,1
creepy,1
cremation,1
crept,1
crest,1
cried,2
cries,1
cross,1
crossing,1
crossover,1
crow,1
crowning,1
crucify,1
cruel,2
cruise,2
crush,2
cry,1
crying,1
cryptic,1
crystal,1
crème,1
cube,1
cubicles,1
cubist,2
cultures,1
cumin,1
cup,2
curiosity,1
curious,4
current,5
cursed,1
curtailed,1
custody,1
customers,1
cut,11
cute,1
cutting,3
cycle,2
cycled,1
cystitis,1
d,3
dad,11
daddy,9
daily,1
dally,1
dam,1
damage,2
damn,5
damona,1
dance,3
dances,1
dandruff,1
danger,1
dangerous,1
danise,1
dare,1
dark,6
darker,1
darkest,1
darling,2
data,7
date,4
dating,1
daughter,7
day,59
days,15
deactivate,1
deactivated,1
dead,15
deadline,1
deadly,1
deal,9
dealing,1
dealt,1
dear,2
dearest,1
dearly,1
death,10
deathbed,1
deaths,2
debt,1
decades,1
decent,1
decide,2
decided,5
deciding,1
decision,6
decisions,1
declan,1
decorative,1
dedicate,1
dedication,1
deduct,1
deducted,1
deemed,1
deep,2
deeper,2
deeply,5
defeating,1
deficits,1
defined,1
definitely,9
defying,1
deicing,1
delaware,4
deleted,1
delighted,2
deliver,1
delivered,1
deliveries,1
delt,1
delta,1
delts,1
deluded,1
demands,1
denali,1
denied,2
dental,1
dentist,1
departed,2
department,44
departments,12
departure,1
depending,3
depends,2
depicted,1
depraved,1
depressing,1
deputy,1
derail,1
derailed,1
derision,1
derived,1
descend,1
describe,2
deserve,5
deserved,2
deserves,2
design,5
designed,2
designs,1
desire,2
desires,1
desk,12
desks,2
despair,1
desperate,1
despite,1
destroyed,3
details,1
detectors,6
deterred,1
devastating,1
developed,1
deviated,1
device,1
devon,27
devour,1
dewy,1
diagnostics,2
dialectics,1
diaper,1
dick,5
dictated,3
did,160
die,9
died,9
dies,2
dieter,5
difference,2
different,20
differentiate,1
differently,1
difficult,2
difficulties,1
digging,1
digital,1
dilates,1
diligent,1
dimensions,1
din,1
dinner,10
dipshit,1
directed,1
direction,2
directions,3
directly,3
director,3
dirt,1
dirtbags,1
dirty,1
disappear,4
disappearances,1
disappeared,1
disappointed,2
disappointing,1
disappointment,1
disapprove,2
disaster,2
discard,1
discarded,1
disciplined,2
disclosure,1
disco,1
disconcerting,1
disconnect,1
discourage,1
discovery,2
discreet,1
discrimination,1
discuss,5
discussing,3
disembodied,1
disemboweled,1
disemboweling,1
disguise,2
disgusting,1
dismissal,2
disobedience,1
disoriented,2
disorienting,1
dispatch,1
dispensers,1
display,1
displayed,1
displays,1
dispose,1
dissatisfied,1
dissipate,1
dissuade,1
distillery,1
distract,1
distracted,3
distracting,2
distress,1
distribution,3
distrust,1
diverse,1
divide,1
divides,1
diving,1
division,2
dizzy,1
do,327
doctor,4
document,1
does,25
dog,1
dogs,1
doing,61
doll,1
don,1
done,20
doodles,1
door,37
doors,7
doorstep,2
doorway,1
dorms,1
dot,1
double,2
doubt,1
doug,3
doula,2
down,76
downstairs,2
downtown,1
downward,1
dozens,1
dozing,2
dr,3
drains,1
drama,2
drank,1
draw,2
drawing,2
drawings,1
drawn,2
dread,2
dream,2
dreams,3
dressed,2
dresses,1
drew,2
drink,5
drinking,1
drinks,1
drive,6
driven,1
driveway,1
driving,2
drop,5
dropped,1
drove,2
drown,4
drowned,1
drowning,2
drug,1
drummond,9
drunk,4
dry,1
dryer,1
duck,1
dude,13
due,1
duh,1
duly,1
dumb,10
dumbass,1
dumber,1
dumbest,1
dummies,1
dummy,1
duplicitous,1
during,6
dusk,1
dusting,1
dutch,1
duties,2
dutiful,1
duty,2
dying,1
dylan,77
e,1
each,29
eagan,44
eagans,6
eager,2
ear,2
earlier,2
early,5
earn,3
earned,4
earnest,1
earnestly,1
earning,1
ears,1
earth,3
earthbound,1
easel,1
easels,1
easier,5
easily,1
easy,9
eat,9
eaten,1
eats,2
edition,1
educator,1
eels,2
effect,3
effective,2
effectively,1
effects,1
efficacy,1
egg,5
eggnog,1
eggs,3
eggshell,1
ego,1
eight,15
either,5
elderly,1
eleanor,9
elected,1
electric,2
elegant,1
element,2
elevator,16
elevators,2
elicit,1
eligible,1
elongated,2
else,18
elusive,2
em,1
embarrass,1
embarrassed,4
embarrassing,2
embarrassingly,1
embarrassment,1
embrace,1
emerged,1
emergency,2
emile,2
emotional,3
emotionally,1
empathetic,1
empathy,2
employ,4
employee,6
employees,4
employer,2
employment,2
employs,1
empty,1
enacting,1
enamel,1
encoded,1
encountered,1
encourage,2
encouraged,2
encouragements,1
end,29
endearment,1
endeavors,1
ended,1
endemic,1
ending,2
endless,1
ends,3
energy,3
enforcer,1
engage,1
enhance,1
enjoy,10
enjoyed,1
enjoying,1
enlisted,1
enough,23
enriches,1
ensure,1
entanglement,1
enter,5
entirely,1
entombed,1
entries,1
envelopes,1
environment,3
epiphanies,1
equally,4
equator,3
equipment,3
equipped,2
eradicate,2
eradicating,1
erasers,4
erotic,2
error,2
errors,1
escalate,1
escape,1
escort,5
especially,2
espionage,1
essence,2
essential,2
established,1
esteem,1
et,1
eternal,2
eternity,1
ether,4
ethically,1
ethos,2
eulogy,1
euphemism,1
eustice,1
even,49
evening,11
evenly,1
event,6
events,2
eventually,2
ever,34
everest,1
evermore,1
every,27
everybody,4
everyone,11
everything,31
everywhere,6
evidence,1
evidently,1
evoke,2
exact,2
exactly,12
example,2
excel,1
excellent,7
excels,1
except,5
exchanges,1
excited,8
exciting,2
excuse,21
executive,2
exemplary,1
exhale,1
exhausted,1
exhibiting,1
exhibition,1
exist,1
existed,7
existence,1
exists,2
exit,4
exits,1
expansion,1
expect,1
expected,3
expensive,3
experience,14
experiences,2
experimenting,1
expert,1
expertise,1
expire,1
explain,5
explanation,2
explode,1
explore,1
exports,1
expose,1
exposed,1
express,2
expressly,1
extend,1
extension,1
extra,1
extract,2
extraordinary,3
extremely,1
eye,3
eyes,12
face,13
faces,1
facial,1
facilitated,1
facility,2
facing,1
fact,8
factories,1
factory,5
facts,5
fail,1
failed,4
failure,1
fair,7
fake,2
fall,7
falling,1
falls,3
falsity,1
falters,1
fame,2
families,2
family,17
famine,1
famous,1
famously,1
far,9
farm,1
farms,1
farting,1
fascinating,2
fast,6
fat,2
father,14
fault,10
faux,1
favor,1
favorably,1
favorite,8
fealty,2
fear,5
fearless,1
feasible,1
feature,1
feckless,1
feculence,1
feed,3
feedback,1
feeding,1
feel,59
feeling,13
feelings,6
feels,5
feely,1
felicia,6
fell,4
fellow,2
fellowship,3
felt,11
fence,1
fern,1
fertile,1
fervor,2
festering,1
fetid,1
fetus,1
few,15
fiction,1
field,1
fields,10
fifth,2
fifty,1
fight,4
fighting,4
figure,8
figured,6
file,16
files,4
fill,5
filled,3
film,1
filmed,1
filming,1
films,1
filth,1
final,7
finally,5
financial,1
find,51
finding,2
findings,1
finds,2
fine,51
finest,1
finger,4
fingers,4
finish,13
finished,4
finishing,1
fire,9
fired,7
firing,2
first,54
firstborn,1
firsthand,1
fiscal,1
fist,1
fit,3
fits,1
fitting,1
five,26
fix,3
fixation,1
fixed,1
flashes,1
flashier,1
flashlight,1
flask,1
flat,1
flavor,1
flaw,1
fleet,1
flip,8
float,1
floater,1
flock,1
flood,2
floodlight,1
floor,37
flora,1
flourish,1
flowchart,1
flower,1
flowy,1
fluctuating,1
fluke,2
flunk,1
flush,1
flying,1
focus,6
focused,1
focusing,1
folks,1
follow,10
followed,3
following,5
folly,3
fond,2
food,12
foot,2
footage,2
footsteps,1
for,366
forbidden,1
forbids,3
force,2
forced,4
forcing,2
foremost,1
forest,3
forever,2
forget,6
forgetting,2
forgive,8
forgiveness,1
forgo,2
forgot,3
forgotten,1
form,5
formal,1
formally,1
formation,1
former,2
forth,1
forthwith,1
fortress,1
fortunately,1
fortunes,1
forward,8
fostered,1
foul,1
found,30
founder,6
founding,1
four,20
fourth,3
foyer,1
frailer,1
frame,1
frankly,1
fraternization,2
fraternize,1
fraternizing,1
fraud,1
freak,1
freaking,1
free,4
freed,1
freedom,3
freely,2
frequencies,1
frequency,1
fresh,2
freshman,2
fretting,1
friday,1
fridays,1
fridge,1
friend,21
friends,21
friendships,1
frigid,1
fripperies,1
frivolity,1
frolic,2
from,137
front,5
frost,1
frowned,1
froze,1
frozen,1
fruit,4
fuck,118
fucked,9
fuckers,1
fucking,71
fuckity,1
fucko,1
fucks,2
fuel,2
fulfilled,1
fulfillment,1
full,7
fully,1
fun,17
funeral,10
funky,1
funny,12
further,8
fuzzy,1
fyi,1
g,17
gabby,3
gable,1
gag,1
gaiety,1
gained,1
gala,2
gale,1
game,9
gamma,1
ganz,3
gaps,1
garage,1
garbage,2
gardener,4
gardeners,1
gargling,1
gas,2
gate,2
gather,1
gaunt,1
gave,9
gay,1
gazette,1
gecko,1
gemma,35
generous,2
genius,1
genre,1
gentle,2
gentleman,1
gentlemen,2
george,3
gerhardt,1
get,161
gets,7
getting,13
ghost,2
giddy,1
gift,8
girl,4
girlfriend,1
give,43
given,8
gives,1
giving,3
glad,11
glasgow,3
glass,1
glasses,1
glaze,2
global,1
glory,3
gnat,1
go,133
goat,7
goats,9
god,68
goddamn,19
goes,7
going,57
gold,2
gone,25
gonna,101
good,150
goodbye,7
goodly,1
goodman,1
goodness,1
gosh,1
got,65
gotcha,1
gotta,18
gotten,2
grab,4
grace,2
gracefully,1
grade,1
graduate,1
grand,3
grandeur,1
grandfather,1
graner,15
grant,1
grasp,2
grasping,1
grateful,4
gratitude,4
gravitating,1
gray,2
grazie,1
great,50
greater,2
greatest,2
greatly,2
green,2
greenhouse,2
greeting,1
greetings,2
greets,1
gretch,2
gretchen,7
grew,3
grief,1
grievances,1
grieve,1
grill,1
grille,1
grim,1
groove,1
gross,1
grotto,1
ground,2
grounds,1
group,9
groups,1
grouter,1
grouting,1
grow,13
growing,2
grows,1
grumble,2
gråkappan,1
gråkappanning,1
guard,1
guards,2
guess,31
guessing,1
guest,3
guests,1
guidance,2
guide,3
guided,1
guitar,1
gullet,1
gullets,1
gunnel,2
gutter,1
guy,15
guys,25
gwendolyn,1
habit,1
hack,1
hacked,1
hacking,1
had,62
hadji,1
hail,1
hair,6
hale,3
half,8
hall,12
halls,2
hallucinations,1
hallway,16
hallways,2
ham,3
hamburger,1
hampton,1
hand,17
handbook,18
handed,1
handle,3
handloom,1
handrail,1
hands,8
handshake,2
handsome,2
handsy,3
handwriting,1
handy,1
handyman,1
hang,7
hanging,1
hankering,1
hanna,1
happen,14
happened,34
happening,13
happens,10
happier,1
happily,1
happy,35
harbor,8
hard,9
harder,1
hare,1
harm,9
harmony,14
harpy,1
has,59
hatchets,2
hate,20
hated,1
haunt,1
have,307
having,12
hazards,1
he,215
head,26
headed,3
heading,3
heads,2
heal,1
healing,1
health,6
healthy,2
hear,13
heard,24
hearing,3
heart,5
heat,1
heaven,3
heavens,1
heavy,2
heck,2
height,1
heinous,1
held,3
helena,20
heleny,1
hell,27
hello,43
hells,1
helly,120
helmet,1
help,45
helped,8
helpful,2
helping,3
helps,1
hemorrhage,1
henceforth,2
her,206
here,232
hereafter,1
hereby,1
heroes,1
herself,1
hey,143
hi,55
hibiscus,1
hid,2
hidden,2
hide,1
hiding,1
high,6
higher,3
highest,1
hijacked,1
hike,2
hill,2
hills,1
him,92
himself,8
hinder,1
hint,1
hip,2
hire,3
hired,2
his,88
historian,1
historians,1
historic,1
history,12
hit,8
hmm,3
hold,12
holding,3
holds,1
hole,3
holed,1
holiest,1
hollow,5
holy,9
home,21
hon,4
honest,3
honestly,4
honesty,2
honey,3
honeymoon,1
honor,4
hook,1
hooky,1
hoot,2
hoover,1
hop,3
hope,25
hoped,2
hopefully,4
hopes,2
hoping,1
horrible,2
horribly,1
horrid,1
horrific,1
horse,1
horseshit,2
hose,1
hospital,1
host,2
hot,4
hour,9
hours,18
house,17
houses,2
housing,1
how,147
however,1
huang,19
hubris,1
huff,1
hug,4
hugged,2
hugging,1
huh,7
human,8
humanity,1
humans,1
humbly,1
humidity,1
humiliating,1
humility,1
humor,3
hundred,7
hung,1
hungover,1
hungry,2
hurt,11
hurting,2
hurts,5
husband,12
husbandry,1
husbands,1
hush,1
husk,1
hybrid,1
hymn,1
hypocrite,1
i,1637
ice,4
icy,2
id,1
idea,17
ideally,1
ideals,1
ideas,4
identified,2
identity,3
ideographic,1
idling,1
idolatrous,1
if,212
ignore,1
ii,1
ill,3
illumination,2
illustrious,1
ilyich,2
image,2
images,1
imagination,1
imagine,13
imagining,1
immediate,1
immediately,5
immoral,2
imogen,1
imogene,1
imperfect,1
impiety,1
implant,1
imploding,1
implying,1
important,15
importantly,1
impression,1
impressive,1
impugn,1
in,464
inappropriate,1
incentives,4
incentivized,1
inch,1
inches,1
incidents,1
incisors,1
inclined,1
include,2
including,3
inclusively,1
incognito,1
incompetence,1
indecorous,1
indeed,5
indelible,1
independent,1
index,1
individual,1
individuals,1
industries,3
industrious,1
industry,3
inebriating,1
inefficiency,1
infancy,1
infantilizing,2
inform,3
informal,1
information,4
infrastructure,1
ingested,1
ingratitude,1
initiative,2
ink,1
innie,48
innies,11
innocent,3
input,2
inquiry,1
inquisitive,1
insane,6
insecurity,1
inside,5
insie,2
insisted,1
inspectors,3
inspiration,2
inspirational,1
inspired,2
inspiring,1
installed,2
installing,1
instead,1
instituted,1
instructions,1
instrument,1
instruments,1
insubordination,1
intake,1
intend,1
intended,3
intent,2
intention,2
intents,1
interaction,2
interactions,1
interdepartmental,1
interest,4
interested,2
interesting,2
intermediaries,1
international,1
interpretation,1
interrupt,3
interrupted,1
interruptions,1
interview,2
intimidate,1
into,40
intrigue,1
introduce,2
introducing,1
invading,1
invasive,1
invented,1
inventor,1
invest,1
investigated,1
investigation,1
investments,1
invitation,1
invites,1
involved,3
ironclad,1
irrational,1
irrefutably,1
irreparably,1
irreversible,3
irv,33
irving,82
is,602
isolated,1
issue,2
issues,1
it,648
italian,2
item,1
items,3
its,13
itself,3
ivan,2
jack,1
jailer,1
jame,5
jammed,1
jelly,1
jerked,1
jesus,27
jewel,1
jim,1
job,19
joining,4
joke,8
jokes,4
journalists,1
journeying,1
joy,3
jubilant,1
judd,10
judged,1
judgment,2
jugs,1
juice,1
juleps,1
jump,2
june,6
jurisdiction,1
just,302
justified,1
k,1
kai,1
kalen,2
kay,1
keep,33
keeper,1
keeping,1
kegger,1
kelp,3
kept,2
key,8
keyboards,1
keys,1
kickball,1
kid,12
kidding,5
kiddos,1
kidnapped,1
kids,16
kier,57
kill,14
killed,6
killing,1
kilmer,4
kind,30
kinda,5
kindergarten,1
kindly,1
kindness,2
king,3
kissed,1
kissing,2
kit,1
kitchenette,2
kittens,1
knaves,1
knew,20
knitting,1
know,425
knowing,3
knowledge,6
known,5
knows,7
kosher,1
lab,1
labels,3
labor,5
labors,1
lack,1
lactation,2
ladies,2
lady,5
laid,1
lakes,1
lame,1
language,4
large,2
larger,1
larva,2
larval,1
larynx,2
last,40
lastly,1
latch,1
latching,1
late,4
lately,1
latent,1
later,11
latin,1
lats,3
laugh,2
laughs,1
lavender,1
law,1
lawrence,1
lawyer,1
lax,1
lay,3
lead,2
leader,2
leading,1
leads,1
leakies,1
lean,2
leaping,1
learn,4
learned,4
learning,3
lease,1
leash,1
least,8
leather,1
leave,35
leaving,9
lecture,1
lecturing,2
led,2
left,47
legacy,2
legalized,2
lemur,1
lend,1
lengths,1
less,7
lesser,1
lesson,1
lessons,1
lest,1
let,49
lettering,2
letters,1
letting,3
level,2
levels,1
lever,1
liaise,1
liar,2
lick,1
lie,6
lied,1
lies,2
life,46
lifetime,1
lift,4
light,5
lights,1
like,267
liked,7
likely,1
likes,4
likewise,1
lima,1
line,6
lineage,2
linguists,1
lionizing,1
list,3
listen,23
listened,1
listener,1
listening,6
listens,1
literal,3
literally,5
literary,1
literature,3
little,38
live,21
lived,1
lives,13
livestock,2
living,5
loaded,1
loathing,1
lobbying,1
local,1
location,1
lock,2
locked,5
locks,1
lodge,1
lodging,1
lodgings,1
logical,1
logs,1
lonely,2
long,22
longer,8
longest,1
look,70
looked,6
looking,17
looks,10
loose,1
lord,5
lose,3
losing,1
lost,8
lot,22
lotta,2
love,51
loved,4
lovely,7
lovemaking,1
loves,2
loving,1
loyal,2
loyalty,4
luck,5
lucknow,1
lucky,1
luminescent,1
lumon,84
lunch,5
lung,1
lustgarten,2
lutheran,1
luxury,1
lying,2
machine,4
machines,3
macrodat,3
macrodata,14
macrodats,2
mad,2
made,28
magic,1
magnificent,1
mail,1
mailing,1
maintained,1
maintenance,1
make,50
maker,1
makes,16
making,12
malaysia,1
malice,3
maligned,1
mammalians,3
man,41
manage,2
management,4
manager,9
managers,1
manages,1
managing,1
manifest,1
mankind,2
manner,1
manservants,1
manual,2
many,28
map,7
mapped,1
mapper,1
mapping,3
maps,1
maraca,1
marauder,1
marco,1
mark,296
market,1
marks,2
married,3
marsha,1
marshmallows,3
masturbated,1
mat,1
match,1
material,2
mates,1
matter,7
mauer,2
may,56
maybe,73
mde,3
mdr,33
me,403
meadow,1
meadows,1
meal,1
mean,117
meaning,4
meaningful,1
means,12
meant,12
meantime,3
meanwhile,1
measure,3
meats,1
media,1
medical,4
medication,1
medicines,1
meet,26
meeting,4
melon,3
melt,1
meltdown,1
melted,1
members,1
memories,13
memory,7
men,2
mental,1
mention,2
mentioned,4
menu,1
mercy,2
merely,1
merlot,1
merrick,1
merriment,3
merry,1
mess,4
message,9
messages,4
messed,1
messing,1
met,10
metal,2
metaphor,1
microphones,2
middle,3
midwife,2
might,27
milady,2
milchick,78
mildewed,1
mildly,2
mile,1
milestone,1
milf,1
milk,2
milkshake,2
mill,2
miller,1
millions,3
milord,1
milwaukee,1
mind,23
minds,1
mine,6
minnesota,2
minor,2
mints,1
minute,5
minutes,16
miracle,1
mirror,1
misdiagnosed,1
miserable,3
miss,21
missed,3
missing,8
mission,1
mistake,4
mixer,2
mmm,3
mnemonic,1
moaning,1
moderation,1
modo,1
mole,1
mom,3
moment,8
momentous,1
moments,4
mommy,1
monday,2
monetary,1
money,2
monitors,2
monosyllabically,1
monster,1
monsters,1
montana,2
month,7
monthly,1
months,4
moppet,1
morale,1
morally,1
morbid,1
more,56
morgue,1
morning,30
moss,1
most,15
mostly,4
mother,6
motherfucker,1
motivator,1
mount,1
mourn,1
mourned,1
mournful,1
mouse,1
mouth,11
mouthed,1
mouthful,1
move,4
moved,5
movies,1
moving,4
mozart,1
mr,113
mrs,23
ms,52
much,31
mudslide,1
mug,1
muggers,1
mugwort,1
multiply,1
mumbly,1
murad,1
murder,3
murderers,1
murdering,1
muscle,4
mushy,3
music,5
must,37
mustache,1
mutiny,1
my,423
myself,17
mysterious,3
myth,1
nah,2
nails,1
name,38
named,1
names,5
naming,1
nannies,1
nap,1
narcotics,1
narrative,1
nat,2
natalie,16
national,1
natural,1
nature,3
nauseous,1
near,4
nearby,1
nearer,1
nearing,2
nearly,2
necessarily,1
necessary,4
neck,1
need,66
needed,8
needlessly,1
needs,10
neighbor,1
neighborhood,1
neighbors,1
nerd,1
nerve,1
nervous,6
nest,1
neti,2
never,58
new,45
news,9
newspaper,2
next,17
nice,37
nicely,1
niece,1
night,50
nightmare,2
nights,1
nimble,2
nimbleness,2
nina,1
nine,11
ninth,1
nipples,1
no,400
noble,3
noblest,1
nobody,3
noises,1
nomenclature,1
non,1
nondisclosure,1
none,10
nonexistence,1
nonsense,2
nonzero,1
nook,1
nope,7
nor,8
normal,5
normally,1
north,1
nose,2
nosebleed,2
nosebleeds,1
nostrils,1
nosy,1
not,299
note,9
notes,6
nothing,33
notice,2
noticed,3
noticing,1
notified,1
notion,1
now,150
nowhere,1
nude,1
number,5
numbers,22
nurse,1
nursemaid,1
nursing,1
nurturable,2
nutmeg,1
o,1
object,1
objected,1
objective,2
obligement,1
obscene,1
observe,2
obvious,1
obviously,7
occasional,1
occasionally,1
occurred,3
occurrence,3
of,561
off,43
offended,1
offer,5
offering,2
office,27
official,1
officially,4
officiate,1
offspring,2
often,1
oh,168
okay,380
old,25
older,4
on,287
once,25
one,144
ones,9
only,41
onto,3
ooh,4
oomph,1
open,28
opened,1
operated,1
operates,1
operation,1
opinion,2
opportunity,3
opposite,3
optics,4
option,3
options,1
or,110
ordeal,1
order,4
ordered,2
orders,2
organized,1
orgs,1
orientation,2
original,4
ortbo,4
oscilloscope,1
oswald,1
otc,4
other,49
others,10
otherwise,2
our,71
ours,3
ourselves,3
out,139
outburst,2
outdoor,3
outdoorsmanship,1
outer,1
outfit,1
outhouse,1
outie,73
outies,8
outlaw,1
output,2
outreach,1
outside,25
outstanding,2
outta,3
oven,1
over,29
overestimated,1
overhead,1
overlook,1
overreacting,1
overseas,1
oversight,1
overtime,7
ow,1
owe,6
owed,1
own,21
owned,1
owns,2
package,1
packing,1
page,4
pages,1
paid,3
pain,10
painful,3
painfully,1
paint,2
paintball,1
painted,1
painting,5
paintings,7
pair,1
pajamas,1
pal,1
panel,1
pants,3
paper,3
paperwork,1
parallel,1
paranoid,1
paraphrasing,1
pardon,2
pardons,1
parents,2
pariah,1
park,3
parking,1
part,22
partake,1
participated,1
participation,1
particularly,1
parties,3
partner,1
partners,1
parts,1
party,23
pas,1
pass,5
passage,4
passed,4
passes,2
passing,1
passion,1
past,8
pastor,2
pasts,1
path,3
pathetic,2
patient,1
patton,4
paupers,2
pay,4
paycheck,2
paychecks,1
paying,1
payroll,1
pays,1
peace,2
peacefully,1
peachy,1
peddler,1
pee,1
pen,5
penalty,1
pencil,2
pencils,2
penis,1
people,54
per,2
percent,1
perceptual,2
perchance,1
perché,1
perfect,7
perfectly,1
perform,3
performance,5
performed,1
perhaps,9
perilous,2
perimeter,1
period,2
perk,2
perks,4
permanent,4
permanently,1
permission,1
pernicious,1
perpetuity,11
persephone,1
person,30
personage,2
personal,3
personally,3
persons,1
perspective,1
peruse,1
perverse,2
pervert,2
peter,2
petey,42
petroleum,1
phases,1
philistine,1
philosophy,1
phone,9
photo,7
photographs,1
photos,8
phrase,1
physical,2
physically,2
physiology,1
physique,1
piano,1
pick,4
picked,3
picking,1
picture,3
pictures,1
piece,5
piecemeal,1
pieces,1
piedi,1
pierre,1
pies,2
pile,1
pillows,1
pine,1
pineapple,2
pinpoint,1
pips,1
pissed,4
pit,1
pity,1
place,22
places,2
plagues,1
plain,1
plainly,1
plan,3
planet,2
planned,1
planning,2
plans,2
plants,2
plate,5
platonic,1
plausible,1
play,8
played,3
player,1
players,1
playful,1
plead,1
pleasantly,1
please,92
pleasing,1
pleasure,2
plotting,1
plow,1
plugging,1
plural,1
plus,3
pocket,4
poem,2
poetic,1
poetically,1
point,15
points,8
poisoned,1
poisoning,1
poke,1
police,2
policy,2
pond,1
pondering,1
pool,4
poop,1
poor,6
poorly,1
pop,2
popped,1
popular,1
populate,2
pores,1
porn,1
portrait,1
position,5
positions,1
positives,1
possible,4
possibly,2
poster,2
pot,2
potential,1
pouches,2
pouchless,1
power,5
powerful,1
pragmatic,2
praise,3
prattling,1
pray,5
prayers,1
preamble,2
precious,1
precise,1
predecessor,1
predicted,1
prefer,2
preference,1
preferred,1
prefers,1
pregnancy,1
pregnant,2
premature,1
premier,1
prep,1
preparations,1
prepare,1
prepared,1
prepped,1
present,1
presented,2
presents,1
pressed,2
pressure,4
presume,1
pretend,3
pretended,1
pretending,1
pretty,20
previous,1
previously,1
prick,1
pride,1
primal,2
primary,1
primed,1
princess,1
principle,3
principles,3
print,2
printed,1
prior,1
priority,2
prisoner,3
prisoners,3
privacy,3
private,1
privately,1
privilege,1
privileged,1
privileges,2
prize,4
prizes,1
probably,21
probes,3
probity,3
problem,6
procedure,10
procedures,1
process,7
processed,1
product,1
productive,3
professional,1
professionally,1
professor,2
profound,1
profundity,1
progeny,1
progress,5
prohibited,1
projected,1
projector,1
promise,5
promised,1
promoted,1
promotion,1
promptly,1
proof,2
propaganda,1
proper,2
properly,1
property,2
protect,1
protected,1
protecting,1
protocol,4
protocols,1
prototype,1
proud,5
prove,4
proved,1
proven,2
provenly,1
proves,1
provide,4
provided,2
prowler,1
psst,1
psyche,1
psycho,1
psychotically,1
public,1
puce,2
pull,2
pulled,2
pummel,1
pump,1
pumped,1
punch,1
punching,1
punish,3
punished,3
punishments,1
punitive,1
pupils,2
pure,1
purged,1
purging,1
purified,1
purify,1
purple,2
purpose,3
purposes,1
purse,1
pursue,1
pursuits,1
pus,2
push,2
put,32
puts,1
putting,3
puzzling,1
q,1
quality,1
quarrel,1
quarter,13
quarterly,3
queries,1
question,22
questions,13
quick,4
quickly,7
quiet,4
quietly,1
quirk,1
quit,8
quite,14
quitting,4
quota,8
quote,1
quotes,1
r,28
rabbit,1
racket,1
radar,2
rag,1
raiders,1
rain,3
raining,1
raised,2
raising,2
ramble,1
ramrod,1
ran,3
ranch,1
random,1
range,2
rapids,1
rare,3
rash,1
rate,2
rates,1
ratio,1
rattle,1
rattling,1
raw,2
razor,2
reacclimate,1
reach,3
reached,2
reaching,3
reaction,1
read,13
reader,1
readers,1
reading,7
readjustment,1
reads,1
ready,31
readying,1
real,9
reality,1
realize,1
realized,2
really,95
reason,5
reasonable,1
reasons,2
rebalance,1
rebecca,1
rebeck,7
recall,3
recanonicalized,1
receipt,1
receive,1
received,4
receiving,1
recent,3
recital,1
recite,1
recognize,4
recognizing,1
recollection,2
recollections,2
recommend,2
reconsidered,1
record,2
records,1
recouple,1
recover,1
recreate,1
recreated,1
recurrent,1
recycling,3
red,3
reduced,1
reeks,1
reference,1
referenced,1
referencing,2
refill,1
refine,1
refined,1
refinement,13
refiner,11
refiners,9
refining,4
reflect,1
reflected,1
reflection,2
reflective,1
reform,3
reformed,1
reforms,5
refrain,3
refreshing,1
refreshments,1
refused,1
regard,1
regards,1
reghabi,5
regret,3
regrettable,2
regular,2
regularly,1
reintegrate,2
reintegrated,3
reintegrating,2
reintegration,12
reissue,1
rejected,1
rejuvenated,1
rekindling,1
related,1
relations,1
relationships,1
relax,3
release,1
relegated,1
relevant,1
religious,1
rely,1
remain,3
remaining,2
remarkable,2
remarried,1
remember,41
remembered,4
remind,5
reminded,1
reminder,2
reminds,2
remiss,1
remonstration,1
remotely,2
remove,1
removed,2
rendition,1
renovation,1
renovations,1
repeat,1
replace,1
replaced,2
replacement,2
replaces,1
replenishing,1
replica,1
replied,1
report,3
reported,1
reporting,2
represent,1
represents,1
repurposed,1
request,12
requested,2
requests,1
require,1
required,1
requires,1
reschedule,1
rescind,1
research,3
resentment,2
resentments,1
reservation,2
reset,1
resides,1
residual,1
resign,1
resignation,7
resignations,1
resolve,1
resort,1
resources,1
respect,2
respectfully,1
respects,2
respond,2
responded,2
response,6
responsibility,2
rest,7
restart,1
restful,1
restorative,2
restroom,2
result,3
resulted,1
resume,2
retain,2
retinas,1
retired,3
retirement,3
retiring,3
retreat,9
retrenchment,1
return,8
returned,2
returning,1
reveal,2
revel,2
reverent,1
reversed,2
review,7
revive,1
revoke,1
revoked,1
revolution,3
revolutionary,1
revolve,1
revolving,1
reward,1
rhyme,1
rhyming,1
rhythm,1
rich,3
richest,1
rick,1
ricken,25
rid,2
ride,2
ridiculous,2
right,215
righteous,1
ring,2
rip,2
ripping,1
risk,5
rivaled,1
riverboat,1
road,2
roads,1
roam,1
roaming,1
robe,4
robot,1
rock,5
rocks,1
roil,1
role,1
roll,1
rolling,1
romantic,2
room,45
rooms,7
root,2
rope,3
rose,1
rot,1
rotate,1
rotation,1
rots,1
rotting,1
roughly,1
round,3
rounding,1
row,2
royal,1
rube,2
rude,2
ruined,1
ruining,1
rule,1
rules,3
run,9
running,3
runs,1
rush,1
rushing,1
russian,2
rustic,1
rustling,1
ruth,1
rwanda,1
s,29
sabotaged,1
sack,1
sacred,1
sacrifice,2
sad,7
sadist,1
sadly,3
sadness,4
safe,5
safeguard,2
safely,1
safety,2
said,73
saints,2
sale,1
salesmen,1
saliba,1
sally,1
salsa,1
salt,1
salutation,1
salutations,1
salve,1
salves,1
same,23
sanctity,1
sap,1
sapient,1
sarcasm,1
sardines,1
sat,1
satiate,1
satisfied,3
sauces,1
save,7
saved,5
saw,22
say,82
saying,15
says,12
scale,1
scanners,1
scare,2
scared,6
scares,1
scary,7
scattered,1
scenario,1
schedule,1
scheduled,2
scholastic,1
school,4
schrödinger,1
science,2
scientifically,1
scissor,2
scoops,1
scooted,1
score,2
scoundrel,1
scouring,1
scout,28
screaming,1
screen,1
screw,1
screwed,1
scroll,1
scrolling,1
scrub,1
scuba,3
sculpt,1
sea,6
seal,2
search,2
season,1
seat,13
seats,1
sec,2
second,12
seconds,4
secret,3
secrets,2
secure,1
security,13
see,137
seeing,12
seek,2
seem,3
seemed,4
seems,14
seen,18
sees,4
seesaw,2
selection,1
self,5
sell,2
selling,1
selves,1
selvig,20
senator,1
senators,1
send,13
sense,10
sensitive,4
sent,4
sentience,1
sentient,1
sentiment,1
separate,3
separately,1
separates,1
separating,1
septum,1
serendipitous,1
serious,8
seriously,14
sermon,1
serve,4
served,1
service,2
serving,1
session,8
sessions,2
set,8
setbacks,1
seth,13
sets,2
setting,2
settle,1
settled,1
settles,1
seven,5
seventy,4
sever,3
several,2
severance,26
severe,1
severed,51
severely,1
severing,2
seville,1
sew,1
sex,5
shadow,1
shadows,1
shake,1
shakes,1
shall,23
shambolic,2
shame,4
shameful,1
shampoo,1
shape,1
shapeless,1
share,10
shared,6
sharing,1
sharp,1
shattered,1
shaving,1
she,174
shea,1
sheep,1
sheets,1
shelf,2
shift,2
shines,1
ship,1
shipments,1
shirt,4
shit,60
shitting,1
shitty,4
shoot,2
shop,3
short,3
shorter,1
shortly,3
shot,2
should,84
shoulders,1
show,17
showed,5
shower,1
showering,1
showing,2
shown,3
shows,4
shrew,2
shut,9
shuttle,1
sibling,1
sick,9
sicker,1
sickness,1
side,6
siena,2
sight,1
sign,2
signage,1
signature,1
signatures,2
signs,4
silently,1
silly,2
silver,2
similar,3
simple,3
simply,2
since,21
sincerely,2
sincerest,1
single,3
sinuses,1
sip,1
sips,2
sir,18
sired,1
siring,2
sissy,1
sister,18
sisters,1
sit,12
sits,1
sitting,4
situation,3
six,12
size,1
sized,1
skedaddle,1
sketch,2
ski,1
skiing,1
skill,1
skilled,1
skin,5
skip,4
skipped,2
skull,2
sky,2
slackers,1
slamming,1
slant,1
slaps,1
slate,1
slave,1
sleep,6
sleeping,2
sleepy,2
slept,1
slice,1
slide,1
slight,2
slightly,2
slip,2
slipped,3
slow,1
sly,1
small,3
smart,5
smarter,2
smell,7
smells,6
smelly,1
smile,5
smiles,2
smiling,2
smoke,1
smug,1
smuggle,2
snacks,2
snakes,1
snark,2
sneak,2
sneaking,1
sneezed,2
sniffing,1
sniffling,1
snoot,1
snow,3
snowiness,1
snuck,2
snuff,2
so,345
soap,6
social,1
socialized,1
socially,1
society,2
socket,1
softly,1
soil,2
solace,2
sold,2
soldier,3
soldiers,1
solitary,1
solitude,2
solution,1
solve,1
some,52
somebody,4
someday,3
somehow,3
someone,24
something,62
sometime,3
sometimes,10
somewhat,1
somewhere,4
son,5
song,3
soon,8
sooner,1
sophisticate,1
sophisticated,1
sores,1
sorry,169
sort,5
sorted,2
sorts,1
sought,1
soul,10
sound,10
sounded,2
sounds,13
source,3
south,1
sovereign,1
space,5
spaced,1
spaces,1
spare,2
spared,1
sparing,1
spatially,2
speak,10
speaker,1
speaking,8
speaks,1
spearheading,1
special,9
specialties,1
specific,4
specifically,1
speech,4
speed,1
speeds,1
spell,1
spend,3
spending,3
spent,3
spicy,1
spilt,1
spin,1
spirit,6
splash,1
splendid,1
splendors,1
split,2
spoiler,1
spoke,3
spoken,4
spot,2
spouse,1
spouses,2
spreadsheet,1
spry,1
spying,1
squeeze,2
st,1
sta,1
stable,1
staffing,1
stage,1
stages,1
stagger,4
stain,5
stairwell,5
stairwells,2
stakeout,1
stalactites,1
stall,3
stance,1
stand,11
standard,2
standing,5
stands,1
star,1
stare,1
stargazing,1
start,21
started,13
starting,2
startled,1
starts,1
starved,1
starving,3
state,7
statement,2
statements,2
statue,1
status,2
stay,19
staying,4
stays,1
stead,2
steak,1
stealing,1
stealth,2
steep,1
step,9
steps,1
stevens,1
steward,4
stewardship,1
stewman,1
stick,3
sticky,1
still,49
stings,1
stint,1
stitched,1
stocked,1
stolen,1
stomach,1
stoop,1
stop,35
stopped,4
stopping,1
stops,2
storage,3
store,2
storeroom,1
stories,1
story,2
straight,3
straightforward,1
strange,4
strangely,1
strangers,1
strano,1
strapping,1
strength,2
stress,1
stressed,1
stretcher,1
strictly,1
stroll,1
strong,2
strongly,1
structure,1
struggle,1
stuck,2
students,1
studies,1
study,1
stuff,11
stumble,1
stumbler,1
stung,1
stupid,3
stupidity,2
subbed,1
subjugation,1
submit,2
subordinate,1
subset,1
subsidized,1
success,1
successfully,2
such,18
suck,2
sucks,3
sudden,2
suddenly,4
sudoku,1
sue,1
suffer,3
suffered,1
suffering,1
suffocating,1
sugar,1
suggest,1
suggesting,1
suicide,3
suite,1
sum,1
summer,2
summits,1
sun,1
sunday,2
sunny,1
sunrise,1
sunset,2
super,2
superiors,1
supervise,1
supervision,1
supervisor,1
supervisory,1
supplies,1
supply,6
support,1
suppose,11
supposed,16
supposedly,1
sure,58
surely,3
surest,1
surface,2
surgery,1
surgically,1
surprise,1
surprised,2
surrounded,1
survey,12
suspect,2
suspended,1
sustained,1
svalbard,1
swab,1
swamped,1
sway,1
swear,7
sweater,1
sweatpants,1
sweden,1
swedish,1
sweet,9
sweetest,1
sweetheart,2
sweets,1
swim,1
swing,2
swipe,1
switch,5
switched,1
switches,1
switching,2
symbols,1
sympathize,1
symptoms,1
synaptic,1
sync,1
synergy,1
system,3
systemic,2
table,10
tables,1
tack,1
tackled,3
tactic,1
take,57
taken,7
takes,6
taking,17
tales,1
talk,41
talked,4
talking,12
talks,1
tall,1
taller,1
tallest,2
tame,3
tamed,2
tanks,1
tape,1
tapped,1
task,4
taste,3
tastier,1
tasty,1
taught,2
taunts,1
tea,2
teach,1
teacher,2
teaches,1
teaching,4
teachings,1
team,18
teasing,2
tech,2
technically,2
technology,2
tee,1
telephoned,1
televisually,1
tell,72
telling,7
tells,1
temper,1
temperature,1
tempers,8
temporary,1
ten,9
tend,2
tending,1
tense,3
tent,4
tents,1
term,4
termed,1
terminate,1
termination,1
terms,2
terrible,1
terribly,1
terrific,1
territory,3
terse,1
test,6
testing,3
tests,2
tetanus,1
text,2
thai,1
than,31
thank,105
thankful,3
thankfully,2
thanks,34
that,553
the,1461
thee,1
their,31
them,85
themes,1
themselves,3
then,74
theory,3
therapy,1
there,185
theremin,1
these,32
thesis,1
theta,1
they,175
thickened,1
thickets,1
thief,1
thieving,1
thimble,1
thing,55
things,33
think,160
thinking,11
thinks,3
third,5
thirst,1
thirsty,1
thirty,2
this,433
thorough,1
thoroughly,2
those,29
though,20
thought,45
thoughtful,1
thoughtfully,1
thoughts,1
thousand,3
thousands,1
threatened,4
three,26
threw,1
thrill,1
thrilled,3
thrive,1
throat,2
through,28
throughout,2
throw,7
thrown,2
thrust,1
thus,3
thy,1
ticking,1
tickles,1
tickling,1
tied,1
tier,2
tiered,1
tight,1
tightening,1
till,8
time,70
times,8
timing,2
tin,1
tip,2
tiptoe,1
tired,5
tisdale,1
tissue,1
to,1084
toboggan,1
today,37
toes,1
together,29
toil,1
toilet,2
tokens,3
told,46
toll,1
tomorrow,14
tone,1
toner,2
tonight,24
too,49
took,11
top,2
topical,1
torches,1
tore,1
torrent,1
torture,3
toss,1
total,2
totally,6
totem,1
totes,4
touch,7
tough,2
tour,1
toward,1
towards,1
tower,1
town,4
toxoid,1
traceable,1
trackball,4
tracks,2
tradition,1
traditionally,1
tragedy,1
tragically,1
train,1
trainee,4
training,4
transcends,1
transferred,2
transformative,2
transition,2
transoms,1
trap,3
trapped,4
traps,3
trash,1
trauma,2
traumatic,1
travels,1
treat,4
treated,1
treating,2
treatment,1
tree,1
trespass,1
tribute,1
trick,2
tricked,3
tried,15
triggered,1
trill,1
trim,1
trip,6
tripped,1
trolling,1
trophy,1
trouble,6
troubled,2
troubling,3
truck,3
true,15
truer,1
truly,14
trust,16
trusted,2
truth,4
try,16
trying,38
très,1
tube,3
tuck,1
tucked,1
tuesday,1
tumult,1
tumwater,2
tuned,1
turn,14
turnaround,1
turned,6
turning,2
turns,3
tv,2
tweak,1
twelve,1
twice,2
twin,5
two,56
type,8
types,1
typical,1
ugh,1
ugly,1
uh,26
ultimately,1
um,7
unable,3
unaccessible,1
unattended,1
unauthorized,1
unaware,1
unbalancing,1
uncertainty,1
uncle,2
uncomfortable,2
under,5
underestimated,1
undergo,1
understand,21
understands,1
unfair,1
unfairly,1
unfolded,1
unfortunately,3
unhappy,3
unheard,1
unhurt,1
unit,1
uniting,1
units,1
universe,1
unknown,9
unless,3
unlike,1
unlock,3
unnatural,2
unprotected,1
unring,1
unsanctioned,1
unsever,2
unsevered,3
unsolicited,1
until,17
unto,1
untrue,1
unveil,1
unwashed,1
unwell,2
up,138
update,1
updating,1
upon,18
upper,1
uppity,1
uprising,3
upset,3
upside,1
upstairs,6
urge,1
urinalysis,1
urine,1
us,134
use,13
used,27
uses,1
using,6
usual,1
usually,4
v,1
vaginal,1
vagrant,1
valediction,1
valiance,1
valid,1
valuable,2
value,3
valued,1
values,5
vast,1
vat,1
vegetable,1
veins,3
ventured,1
verbally,2
verbiage,2
verbose,1
verge,1
verse,1
version,7
versions,1
verve,3
very,48
vessels,1
vest,2
vestments,1
vetting,1
vexed,1
vibe,1
vibration,1
victim,1
victims,1
victory,1
video,7
view,2
violated,2
violence,1
violent,2
virgin,1
virtue,1
visceral,2
viscerally,1
vision,5
visit,5
visitation,2
visited,2
visits,1
vista,1
visually,1
vital,2
vocally,1
voice,10
void,2
voilà,1
voting,1
voyage,3
vulture,1
w,5
waffle,9
waft,1
wait,49
waiter,1
waiting,7
wake,13
wakes,2
waking,3
walk,17
walked,4
walking,1
wall,4
walls,1
wandering,1
wanna,52
want,84
wanted,16
wantonness,1
wants,10
war,9
warfare,1
warm,2
warned,2
warranted,1
was,356
wash,2
washroom,1
waste,1
wasting,1
watch,13
watched,2
watching,5
water,8
watercooler,1
waterfall,2
watering,2
watermelon,1
wave,1
waves,2
wax,1
way,62
ways,6
wayward,1
we,407
weak,1
weakness,1
wealth,1
weaponizing,1
wearing,8
wedding,3
wedge,1
weed,1
week,8
weekend,5
weekends,1
weeks,12
weigh,1
weighing,1
weird,23
welcome,20
welcoming,1
well,204
wellington,3
wellness,15
went,22
were,103
western,1
wet,2
what,533
whatever,20
whatsoever,1
wheezing,1
when,84
where,71
whereas,1
wherever,2
whether,5
whew,1
which,66
while,23
whilst,4
whimper,1
whiskey,1
whisper,4
whistling,1
white,3
who,94
whoa,2
whoever,2
whole,26
whose,5
why,127
wide,1
wife,36
wiles,4
wilkins,1
will,124
william,3
willing,2
willingly,1
win,3
wind,3
window,1
wine,4
wing,12
wintertide,3
wipeys,1
wire,1
wiser,1
wish,9
wished,1
wishes,1
wit,2
with,253
within,2
without,15
witness,2
wizened,3
wmc,1
woah,1
woe,5
woefully,1
woke,5
wolfgang,1
woman,11
womb,1
won,1
wonder,14
wondered,1
wonderful,6
wondering,7
wood,2
woodland,1
woodworking,1
woozy,1
word,20
words,8
wordsmith,1
wore,2
work,94
workdays,1
worked,11
worker,3
workers,12
workie,4
working,13
workplace,4
works,5
workspace,1
workspaces,1
workstation,1
world,33
worn,1
worried,6
worries,2
worry,5
worse,2
worth,2
would,80
wound,1
wounded,1
wow,35
wrap,4
wrapping,2
wrathfully,1
write,4
writing,3
written,1
wrong,19
wrote,2
wyoming,1
y,1
ya,1
yard,2
yaulp,2
yay,1
ye,2
yeah,338
year,5
yearly,1
yearning,1
years,24
yep,12
yes,120
yesterday,12
yet,30
yield,2
yielded,1
york,1
you,1962
young,3
younger,1
your,420
yours,16
yourself,18
youthful,2
zealots,1
zero,1
zone,3
zurich,1
что,1
это,1
